{"cameraMode":{"drawMode":0,"name":"Shaded","section":"Shading Mode"},"sceneLighting":false,"audioPlay":false,"sceneViewState":{"m_AlwaysRefresh":false,"showFog":true,"showSkybox":false,"showFlares":true,"showImageEffects":true,"showParticleSystems":true,"showVisualEffectGraphs":true,"m_FxEnabled":true},"in2DMode":false,"pivot":{"x":-0.5733675956726074,"y":1.8898544311523438,"z":0.32515525817871096},"rotation":{"x":-0.028496012091636659,"y":0.0029987767338752748,"z":0.00008548814366804436,"w":0.999589204788208},"size":10.549379348754883,"orthographic":false}