{"cameraMode":{"drawMode":0,"name":"Shaded","section":"Shading Mode"},"sceneLighting":true,"audioPlay":false,"sceneViewState":{"m_AlwaysRefresh":false,"showFog":true,"showSkybox":true,"showFlares":true,"showImageEffects":true,"showParticleSystems":true,"showVisualEffectGraphs":true,"m_FxEnabled":true},"in2DMode":false,"pivot":{"x":-1.1688036918640137,"y":-0.8674459457397461,"z":-0.26753997802734377},"rotation":{"x":0.08603610843420029,"y":-0.6671544909477234,"z":0.07800795882940293,"w":0.7358112335205078},"size":21.984228134155275,"orthographic":true}