{"cameraMode":{"drawMode":0,"name":"Shaded","section":"Shading Mode"},"sceneLighting":true,"audioPlay":false,"sceneViewState":{"m_AlwaysRefresh":false,"showFog":true,"showSkybox":true,"showFlares":true,"showImageEffects":true,"showParticleSystems":true,"showVisualEffectGraphs":true,"m_FxEnabled":true},"in2DMode":false,"pivot":{"x":-0.6637628674507141,"y":8.563591957092286,"z":-8.890594482421875},"rotation":{"x":0.01196993887424469,"y":0.07043672353029251,"z":-0.0008452448528259993,"w":0.9974443912506104},"size":1.5646264553070069,"orthographic":false}