{"cameraMode":{"drawMode":0,"name":"Shaded","section":"Shading Mode"},"sceneLighting":true,"audioPlay":false,"sceneViewState":{"m_AlwaysRefresh":false,"showFog":true,"showSkybox":true,"showFlares":true,"showImageEffects":true,"showParticleSystems":true,"showVisualEffectGraphs":true,"m_FxEnabled":true},"in2DMode":false,"pivot":{"x":-1.210536241531372,"y":8.656983375549317,"z":-12.742677688598633},"rotation":{"x":0.014994006603956223,"y":0.026993850246071817,"z":-0.00040490052197128534,"w":0.999523401260376},"size":1.5646264553070069,"orthographic":false}